<?xml version="1.0" encoding="UTF-8"?>
<project-private xmlns="http://www.netbeans.org/ns/project-private/1">
    <editor-bookmarks xmlns="http://www.netbeans.org/ns/editor-bookmarks/2" lastBookmarkId="0"/>
    <open-files xmlns="http://www.netbeans.org/ns/projectui-open-files/2">
        <group>
            <file>file:/C:/Users/Filip/Desktop/FOI/DIPLOMSKI/2.godina/3.semestar/UzDiz/DZ_1/fstrahij_zadaca_1/fstrahij_zadaca_1/src/factorymethod/DatotekaMjesta.java</file>
            <file>file:/C:/Users/Filip/Desktop/FOI/DIPLOMSKI/2.godina/3.semestar/UzDiz/DZ_1/fstrahij_zadaca_1/fstrahij_zadaca_1/src/factorymethod/DatotekaSenzora.java</file>
            <file>file:/C:/Users/Filip/Desktop/FOI/DIPLOMSKI/2.godina/3.semestar/UzDiz/DZ_1/fstrahij_zadaca_1/fstrahij_zadaca_1/src/prototype/Mjesto.java</file>
            <file>file:/C:/Users/Filip/Desktop/FOI/DIPLOMSKI/2.godina/3.semestar/UzDiz/DZ_1/fstrahij_zadaca_1/fstrahij_zadaca_1/src/fstrahij_zadaca_1/Fstrahij_zadaca_1.java</file>
        </group>
    </open-files>
</project-private>
